question,answer,company,category,tags
[Amazon] How do I change my password?,Go to settings > security and click 'change password'.,Amazon,Accounts,"amazon,accounts"
[Amazon] Where can I find my invoice?,Invoices are available under the 'Billing' section of your profile.,Amazon,Billing,"amazon,billing"
[Amazon] How do I contact support?,You can reach us at support@amazon.com or call 1-800-123-4567.,Amazon,Technical Support,"amazon,technicalsupport"
[Amazon] Can I get a refund?,Refunds are processed within 5-7 business days if applicable.,Amazon,Shipping & Delivery,"amazon,shipping&delivery"
[Amazon] How do I close my account?,Navigate to account settings and select 'Deactivate Account'.,Amazon,General,"amazon,general"
[Amazon] What payment methods do you accept?,"We accept Visa, Mastercard, AMEX, and PayPal.",Amazon,Accounts,"amazon,accounts"
[Amazon] Is there a mobile app?,"Yes, you can download the amazon app from iOS and Android stores.",Amazon,Billing,"amazon,billing"
[Amazon] How do I update my email address?,Go to 'Personal Details' in your account settings.,Amazon,Technical Support,"amazon,technicalsupport"
[Amazon] Why did my payment fail?,This usually happens due to insufficient funds or expired cards.,Amazon,Shipping & Delivery,"amazon,shipping&delivery"
[Amazon] Can I share my account?,Account sharing policies vary. Please check the Terms of Service.,Amazon,General,"amazon,general"
[Microsoft] How do I change my password?,Go to settings > security and click 'change password'.,Microsoft,Accounts,"microsoft,accounts"
[Microsoft] Where can I find my invoice?,Invoices are available under the 'Billing' section of your profile.,Microsoft,Billing,"microsoft,billing"
[Microsoft] How do I contact support?,You can reach us at support@microsoft.com or call 1-800-123-4567.,Microsoft,Technical Support,"microsoft,technicalsupport"
[Microsoft] Can I get a refund?,Refunds are processed within 5-7 business days if applicable.,Microsoft,Shipping & Delivery,"microsoft,shipping&delivery"
[Microsoft] How do I close my account?,Navigate to account settings and select 'Deactivate Account'.,Microsoft,General,"microsoft,general"
[Microsoft] What payment methods do you accept?,"We accept Visa, Mastercard, AMEX, and PayPal.",Microsoft,Accounts,"microsoft,accounts"
[Microsoft] Is there a mobile app?,"Yes, you can download the microsoft app from iOS and Android stores.",Microsoft,Billing,"microsoft,billing"
[Microsoft] How do I update my email address?,Go to 'Personal Details' in your account settings.,Microsoft,Technical Support,"microsoft,technicalsupport"
[Microsoft] Why did my payment fail?,This usually happens due to insufficient funds or expired cards.,Microsoft,Shipping & Delivery,"microsoft,shipping&delivery"
[Microsoft] Can I share my account?,Account sharing policies vary. Please check the Terms of Service.,Microsoft,General,"microsoft,general"
[Google] How do I change my password?,Go to settings > security and click 'change password'.,Google,Accounts,"google,accounts"
[Google] Where can I find my invoice?,Invoices are available under the 'Billing' section of your profile.,Google,Billing,"google,billing"
[Google] How do I contact support?,You can reach us at support@google.com or call 1-800-123-4567.,Google,Technical Support,"google,technicalsupport"
[Google] Can I get a refund?,Refunds are processed within 5-7 business days if applicable.,Google,Shipping & Delivery,"google,shipping&delivery"
[Google] How do I close my account?,Navigate to account settings and select 'Deactivate Account'.,Google,General,"google,general"
[Google] What payment methods do you accept?,"We accept Visa, Mastercard, AMEX, and PayPal.",Google,Accounts,"google,accounts"
[Google] Is there a mobile app?,"Yes, you can download the google app from iOS and Android stores.",Google,Billing,"google,billing"
[Google] How do I update my email address?,Go to 'Personal Details' in your account settings.,Google,Technical Support,"google,technicalsupport"
[Google] Why did my payment fail?,This usually happens due to insufficient funds or expired cards.,Google,Shipping & Delivery,"google,shipping&delivery"
[Google] Can I share my account?,Account sharing policies vary. Please check the Terms of Service.,Google,General,"google,general"
[Apple] How do I change my password?,Go to settings > security and click 'change password'.,Apple,Accounts,"apple,accounts"
[Apple] Where can I find my invoice?,Invoices are available under the 'Billing' section of your profile.,Apple,Billing,"apple,billing"
[Apple] How do I contact support?,You can reach us at support@apple.com or call 1-800-123-4567.,Apple,Technical Support,"apple,technicalsupport"
[Apple] Can I get a refund?,Refunds are processed within 5-7 business days if applicable.,Apple,Shipping & Delivery,"apple,shipping&delivery"
[Apple] How do I close my account?,Navigate to account settings and select 'Deactivate Account'.,Apple,General,"apple,general"
[Apple] What payment methods do you accept?,"We accept Visa, Mastercard, AMEX, and PayPal.",Apple,Accounts,"apple,accounts"
[Apple] Is there a mobile app?,"Yes, you can download the apple app from iOS and Android stores.",Apple,Billing,"apple,billing"
[Apple] How do I update my email address?,Go to 'Personal Details' in your account settings.,Apple,Technical Support,"apple,technicalsupport"
[Apple] Why did my payment fail?,This usually happens due to insufficient funds or expired cards.,Apple,Shipping & Delivery,"apple,shipping&delivery"
[Apple] Can I share my account?,Account sharing policies vary. Please check the Terms of Service.,Apple,General,"apple,general"
[Meta] How do I change my password?,Go to settings > security and click 'change password'.,Meta,Accounts,"meta,accounts"
[Meta] Where can I find my invoice?,Invoices are available under the 'Billing' section of your profile.,Meta,Billing,"meta,billing"
[Meta] How do I contact support?,You can reach us at support@meta.com or call 1-800-123-4567.,Meta,Technical Support,"meta,technicalsupport"
[Meta] Can I get a refund?,Refunds are processed within 5-7 business days if applicable.,Meta,Shipping & Delivery,"meta,shipping&delivery"
[Meta] How do I close my account?,Navigate to account settings and select 'Deactivate Account'.,Meta,General,"meta,general"
[Meta] What payment methods do you accept?,"We accept Visa, Mastercard, AMEX, and PayPal.",Meta,Accounts,"meta,accounts"
[Meta] Is there a mobile app?,"Yes, you can download the meta app from iOS and Android stores.",Meta,Billing,"meta,billing"
[Meta] How do I update my email address?,Go to 'Personal Details' in your account settings.,Meta,Technical Support,"meta,technicalsupport"
[Meta] Why did my payment fail?,This usually happens due to insufficient funds or expired cards.,Meta,Shipping & Delivery,"meta,shipping&delivery"
[Meta] Can I share my account?,Account sharing policies vary. Please check the Terms of Service.,Meta,General,"meta,general"
[Netflix] How do I change my password?,Go to settings > security and click 'change password'.,Netflix,Accounts,"netflix,accounts"
[Netflix] Where can I find my invoice?,Invoices are available under the 'Billing' section of your profile.,Netflix,Billing,"netflix,billing"
[Netflix] How do I contact support?,You can reach us at support@netflix.com or call 1-800-123-4567.,Netflix,Technical Support,"netflix,technicalsupport"
[Netflix] Can I get a refund?,Refunds are processed within 5-7 business days if applicable.,Netflix,Shipping & Delivery,"netflix,shipping&delivery"
[Netflix] How do I close my account?,Navigate to account settings and select 'Deactivate Account'.,Netflix,General,"netflix,general"
[Netflix] What payment methods do you accept?,"We accept Visa, Mastercard, AMEX, and PayPal.",Netflix,Accounts,"netflix,accounts"
[Netflix] Is there a mobile app?,"Yes, you can download the netflix app from iOS and Android stores.",Netflix,Billing,"netflix,billing"
[Netflix] How do I update my email address?,Go to 'Personal Details' in your account settings.,Netflix,Technical Support,"netflix,technicalsupport"
[Netflix] Why did my payment fail?,This usually happens due to insufficient funds or expired cards.,Netflix,Shipping & Delivery,"netflix,shipping&delivery"
[Netflix] Can I share my account?,Account sharing policies vary. Please check the Terms of Service.,Netflix,General,"netflix,general"
[Tesla] How do I change my password?,Go to settings > security and click 'change password'.,Tesla,Accounts,"tesla,accounts"
[Tesla] Where can I find my invoice?,Invoices are available under the 'Billing' section of your profile.,Tesla,Billing,"tesla,billing"
[Tesla] How do I contact support?,You can reach us at support@tesla.com or call 1-800-123-4567.,Tesla,Technical Support,"tesla,technicalsupport"
[Tesla] Can I get a refund?,Refunds are processed within 5-7 business days if applicable.,Tesla,Shipping & Delivery,"tesla,shipping&delivery"
[Tesla] How do I close my account?,Navigate to account settings and select 'Deactivate Account'.,Tesla,General,"tesla,general"
[Tesla] What payment methods do you accept?,"We accept Visa, Mastercard, AMEX, and PayPal.",Tesla,Accounts,"tesla,accounts"
[Tesla] Is there a mobile app?,"Yes, you can download the tesla app from iOS and Android stores.",Tesla,Billing,"tesla,billing"
[Tesla] How do I update my email address?,Go to 'Personal Details' in your account settings.,Tesla,Technical Support,"tesla,technicalsupport"
[Tesla] Why did my payment fail?,This usually happens due to insufficient funds or expired cards.,Tesla,Shipping & Delivery,"tesla,shipping&delivery"
[Tesla] Can I share my account?,Account sharing policies vary. Please check the Terms of Service.,Tesla,General,"tesla,general"
[Spotify] How do I change my password?,Go to settings > security and click 'change password'.,Spotify,Accounts,"spotify,accounts"
[Spotify] Where can I find my invoice?,Invoices are available under the 'Billing' section of your profile.,Spotify,Billing,"spotify,billing"
[Spotify] How do I contact support?,You can reach us at support@spotify.com or call 1-800-123-4567.,Spotify,Technical Support,"spotify,technicalsupport"
[Spotify] Can I get a refund?,Refunds are processed within 5-7 business days if applicable.,Spotify,Shipping & Delivery,"spotify,shipping&delivery"
[Spotify] How do I close my account?,Navigate to account settings and select 'Deactivate Account'.,Spotify,General,"spotify,general"
[Spotify] What payment methods do you accept?,"We accept Visa, Mastercard, AMEX, and PayPal.",Spotify,Accounts,"spotify,accounts"
[Spotify] Is there a mobile app?,"Yes, you can download the spotify app from iOS and Android stores.",Spotify,Billing,"spotify,billing"
[Spotify] How do I update my email address?,Go to 'Personal Details' in your account settings.,Spotify,Technical Support,"spotify,technicalsupport"
[Spotify] Why did my payment fail?,This usually happens due to insufficient funds or expired cards.,Spotify,Shipping & Delivery,"spotify,shipping&delivery"
[Spotify] Can I share my account?,Account sharing policies vary. Please check the Terms of Service.,Spotify,General,"spotify,general"
[Uber] How do I change my password?,Go to settings > security and click 'change password'.,Uber,Accounts,"uber,accounts"
[Uber] Where can I find my invoice?,Invoices are available under the 'Billing' section of your profile.,Uber,Billing,"uber,billing"
[Uber] How do I contact support?,You can reach us at support@uber.com or call 1-800-123-4567.,Uber,Technical Support,"uber,technicalsupport"
[Uber] Can I get a refund?,Refunds are processed within 5-7 business days if applicable.,Uber,Shipping & Delivery,"uber,shipping&delivery"
[Uber] How do I close my account?,Navigate to account settings and select 'Deactivate Account'.,Uber,General,"uber,general"
[Uber] What payment methods do you accept?,"We accept Visa, Mastercard, AMEX, and PayPal.",Uber,Accounts,"uber,accounts"
[Uber] Is there a mobile app?,"Yes, you can download the uber app from iOS and Android stores.",Uber,Billing,"uber,billing"
[Uber] How do I update my email address?,Go to 'Personal Details' in your account settings.,Uber,Technical Support,"uber,technicalsupport"
[Uber] Why did my payment fail?,This usually happens due to insufficient funds or expired cards.,Uber,Shipping & Delivery,"uber,shipping&delivery"
[Uber] Can I share my account?,Account sharing policies vary. Please check the Terms of Service.,Uber,General,"uber,general"
[Airbnb] How do I change my password?,Go to settings > security and click 'change password'.,Airbnb,Accounts,"airbnb,accounts"
[Airbnb] Where can I find my invoice?,Invoices are available under the 'Billing' section of your profile.,Airbnb,Billing,"airbnb,billing"
[Airbnb] How do I contact support?,You can reach us at support@airbnb.com or call 1-800-123-4567.,Airbnb,Technical Support,"airbnb,technicalsupport"
[Airbnb] Can I get a refund?,Refunds are processed within 5-7 business days if applicable.,Airbnb,Shipping & Delivery,"airbnb,shipping&delivery"
[Airbnb] How do I close my account?,Navigate to account settings and select 'Deactivate Account'.,Airbnb,General,"airbnb,general"
[Airbnb] What payment methods do you accept?,"We accept Visa, Mastercard, AMEX, and PayPal.",Airbnb,Accounts,"airbnb,accounts"
[Airbnb] Is there a mobile app?,"Yes, you can download the airbnb app from iOS and Android stores.",Airbnb,Billing,"airbnb,billing"
[Airbnb] How do I update my email address?,Go to 'Personal Details' in your account settings.,Airbnb,Technical Support,"airbnb,technicalsupport"
[Airbnb] Why did my payment fail?,This usually happens due to insufficient funds or expired cards.,Airbnb,Shipping & Delivery,"airbnb,shipping&delivery"
[Airbnb] Can I share my account?,Account sharing policies vary. Please check the Terms of Service.,Airbnb,General,"airbnb,general"
